{
  "loss": [
    2.038452625274658,
    1.5040018558502197,
    1.3040087223052979,
    1.2125860452651978,
    1.1422141790390015,
    1.0843572616577148,
    1.0389636754989624,
    1.0006327629089355,
    0.9644967317581177,
    0.9080839157104492,
    0.8976497054100037,
    0.880288302898407,
    0.8451777696609497,
    0.8297802805900574,
    0.8163310289382935,
    0.8020811676979065,
    0.7716355323791504,
    0.7455253005027771,
    0.7626785635948181,
    0.74412602186203,
    0.7173269987106323,
    0.7243481278419495,
    0.7087740302085876,
    0.6867126226425171,
    0.6848316192626953,
    0.6784830689430237,
    0.6749171018600464,
    0.6588539481163025,
    0.635505735874176,
    0.6345125436782837,
    0.62591153383255,
    0.6128228902816772,
    0.6142383813858032,
    0.6102665066719055,
    0.6096782684326172,
    0.6101581454277039,
    0.6026856303215027,
    0.5944183468818665,
    0.5950936079025269,
    0.591917872428894,
    0.5901503562927246,
    0.5847001671791077,
    0.5716959834098816,
    0.5657322406768799,
    0.564238965511322,
    0.5647785067558289,
    0.5685300827026367,
    0.5667603015899658,
    0.5639395713806152,
    0.5570388436317444,
    0.5650973320007324,
    0.544427216053009,
    0.5502673387527466,
    0.5507518649101257,
    0.5502512454986572,
    0.5566827058792114,
    0.5536067485809326,
    0.5469609498977661,
    0.5397585034370422,
    0.5365400910377502,
    0.5396983623504639,
    0.5442190766334534,
    0.5395722985267639,
    0.5311347842216492,
    0.5349292755126953,
    0.5411577224731445,
    0.5343776345252991,
    0.536851704120636,
    0.5338139533996582,
    0.5427703857421875,
    0.533300518989563,
    0.5437011122703552,
    0.5433851480484009,
    0.5364996790885925
  ],
  "accuracy": [
    0.23753856122493744,
    0.3825296461582184,
    0.45819127559661865,
    0.487903892993927,
    0.5208637714385986,
    0.5439194440841675,
    0.5562591552734375,
    0.5676246285438538,
    0.5848351716995239,
    0.6010715961456299,
    0.6005845069885254,
    0.6114628911018372,
    0.6208800077438354,
    0.6294853091239929,
    0.6327325701713562,
    0.6324078440666199,
    0.6361422538757324,
    0.6499431729316711,
    0.6466959118843079,
    0.6486442685127258,
    0.6593602895736694,
    0.6577366590499878,
    0.6611462831497192,
    0.6702386736869812,
    0.6678032279014587,
    0.6658548712730408,
    0.6699139475822449,
    0.6650430560112,
    0.6846890449523926,
    0.6887481808662415,
    0.6926448941230774,
    0.7001136541366577,
    0.6962169408798218,
    0.6980029344558716,
    0.6926448941230774,
    0.6980029344558716,
    0.7017372846603394,
    0.7074200510978699,
    0.6993018388748169,
    0.7001136541366577,
    0.706608235836029,
    0.7046598196029663,
    0.7074200510978699,
    0.7144016623497009,
    0.7168371677398682,
    0.7131027579307556,
    0.711479127407074,
    0.711479127407074,
    0.7181360721588135,
    0.7152135372161865,
    0.7179737091064453,
    0.7278779149055481,
    0.7270660996437073,
    0.7152135372161865,
    0.7231693267822266,
    0.7140769362449646,
    0.7231693267822266,
    0.7280402779579163,
    0.725767195224762,
    0.7265790104866028,
    0.7304757237434387,
    0.7265790104866028,
    0.7260919213294983,
    0.725767195224762,
    0.7293391823768616,
    0.7265790104866028,
    0.7335606217384338,
    0.7270660996437073,
    0.7340477108955383,
    0.7309628129005432,
    0.7319369912147522,
    0.7293391823768616,
    0.7247929573059082,
    0.7244682312011719
  ],
  "val_loss": [
    1.7450984716415405,
    1.4534053802490234,
    1.3293484449386597,
    1.2528661489486694,
    1.167593002319336,
    1.12901771068573,
    1.0398130416870117,
    1.0414657592773438,
    1.0329515933990479,
    1.043613314628601,
    0.9665520191192627,
    0.9953636527061462,
    0.9864369630813599,
    0.9462190866470337,
    0.9917575120925903,
    0.946752667427063,
    0.9682603478431702,
    0.9215353727340698,
    0.933208703994751,
    0.8713549971580505,
    1.0020661354064941,
    0.937813937664032,
    0.9063125848770142,
    0.9011293649673462,
    0.9068986177444458,
    0.9120444059371948,
    0.9204670786857605,
    0.8893803358078003,
    0.8814899325370789,
    0.8777065873146057,
    0.9106353521347046,
    0.8684858679771423,
    0.8812931180000305,
    0.8589110970497131,
    0.9271908402442932,
    0.8609455823898315,
    0.8738120794296265,
    0.8834285736083984,
    0.9044811129570007,
    0.9168206453323364,
    0.8793946504592896,
    0.885460615158081,
    0.8959488868713379,
    0.881930947303772,
    0.9131966233253479,
    0.8840254545211792,
    0.8697502017021179,
    0.8789251446723938,
    0.8882927298545837,
    0.8770723342895508,
    0.8984904289245605,
    0.8956625461578369,
    0.8947628736495972,
    0.8860684633255005,
    0.8911485075950623,
    0.8908506631851196,
    0.8726896643638611,
    0.9009491801261902,
    0.8957425355911255,
    0.8912099003791809,
    0.8901832103729248,
    0.8843358755111694,
    0.8833418488502502,
    0.8879355192184448,
    0.8904621005058289,
    0.8895443081855774,
    0.8907842636108398,
    0.8957696557044983,
    0.8917405009269714,
    0.8964753150939941,
    0.8937917351722717,
    0.8918382525444031,
    0.9011752009391785,
    0.8961269855499268
  ],
  "val_accuracy": [
    0.35889872908592224,
    0.4606686234474182,
    0.5388396978378296,
    0.5712881088256836,
    0.5255653858184814,
    0.5570304989814758,
    0.5801376700401306,
    0.5737463235855103,
    0.5353982448577881,
    0.5707964897155762,
    0.6007866263389587,
    0.5707964897155762,
    0.5840708017349243,
    0.5850540995597839,
    0.579154372215271,
    0.5899705290794373,
    0.5781710743904114,
    0.5830875039100647,
    0.5821042060852051,
    0.5904621481895447,
    0.5747296214103699,
    0.579154372215271,
    0.5909537672996521,
    0.5904621481895447,
    0.5924286842346191,
    0.5786627531051636,
    0.5909537672996521,
    0.5948868989944458,
    0.6071779727935791,
    0.5850540995597839,
    0.5835791826248169,
    0.5835791826248169,
    0.602753221988678,
    0.5914454460144043,
    0.5688298940658569,
    0.6140609383583069,
    0.6145526170730591,
    0.6150442361831665,
    0.5929203629493713,
    0.6101278066635132,
    0.6037364602088928,
    0.6160275340080261,
    0.6061946749687195,
    0.6061946749687195,
    0.5973451137542725,
    0.6179941296577454,
    0.6120944023132324,
    0.6175024509429932,
    0.6155359148979187,
    0.6317600607872009,
    0.6199606657028198,
    0.6155359148979187,
    0.6263520121574402,
    0.6268436312675476,
    0.6209439635276794,
    0.6140609383583069,
    0.6243854761123657,
    0.6145526170730591,
    0.6184857487678528,
    0.6209439635276794,
    0.6199606657028198,
    0.6189773678779602,
    0.6224188804626465,
    0.6204522848129272,
    0.6229104995727539,
    0.6238937973976135,
    0.6234021782875061,
    0.6160275340080261,
    0.6238937973976135,
    0.6189773678779602,
    0.6214355826377869,
    0.6219272613525391,
    0.6219272613525391,
    0.6189773678779602
  ],