{
  "loss": [
    1.9848086833953857,
    1.2929750680923462,
    1.0645784139633179,
    0.9699016213417053,
    0.8999725580215454,
    0.8505631685256958,
    0.8118158578872681,
    0.786248505115509,
    0.7516611814498901,
    0.728263795375824,
    0.7011463642120361,
    0.6856296062469482,
    0.6683641076087952,
    0.6506465077400208,
    0.6271679997444153,
    0.6094194650650024,
    0.6013199687004089,
    0.5840680003166199,
    0.5741221308708191,
    0.5654335021972656,
    0.5504950284957886,
    0.5416584610939026,
    0.5333535671234131,
    0.5342122912406921,
    0.5256458520889282,
    0.5122422575950623,
    0.502894401550293,
    0.5098305940628052,
    0.49733975529670715,
    0.4946868419647217,
    0.488462895154953,
    0.4838818907737732,
    0.4837529957294464,
    0.47210556268692017,
    0.4699645936489105,
    0.45422109961509705,
    0.46484825015068054,
    0.45745521783828735,
    0.45821306109428406,
    0.45686304569244385,
    0.4490934908390045,
    0.44050332903862,
    0.43221184611320496,
    0.4317903518676758,
    0.44275856018066406,
    0.43218567967414856,
    0.42646029591560364,
    0.4237343966960907,
    0.41939693689346313,
    0.4255242943763733,
    0.4106680154800415,
    0.40955427289009094,
    0.40836796164512634,
    0.4209202229976654,
    0.4038541316986084,
    0.407869428396225,
    0.39273500442504883,
    0.39316290616989136,
    0.4008713364601135,
    0.3958008587360382,
    0.399277001619339,
    0.3921329975128174,
    0.39404165744781494,
    0.3922117054462433,
    0.36726993322372437,
    0.369055837392807,
    0.3588474690914154,
    0.3583584129810333,
    0.35468757152557373,
    0.36245197057724,
    0.36772578954696655,
    0.34846726059913635,
    0.35157710313796997,
    0.3452697694301605,
    0.3517022430896759,
    0.3395935595035553,
    0.3427704870700836,
    0.3459165394306183,
    0.342754602432251,
    0.3470291197299957,
    0.3405376672744751,
    0.3394404351711273,
    0.3306520879268646,
    0.3342295289039612,
    0.3351120352745056,
    0.33115914463996887,
    0.3336777091026306,
    0.3377179205417633,
    0.3315332233905792,
    0.3293413817882538,
    0.32984381914138794,
    0.3219214081764221,
    0.32623490691185
  ],
  "accuracy": [
    0.31558090448379517,
    0.504041850566864,
    0.5611031651496887,
    0.6021556258201599,
    0.634014904499054,
    0.6557298898696899,
    0.6717388033866882,
    0.6788714528083801,
    0.6912347674369812,
    0.7051830887794495,
    0.7119987607002258,
    0.7119987607002258,
    0.7270565629005432,
    0.7275320887565613,
    0.7410048842430115,
    0.7486131191253662,
    0.7505151629447937,
    0.7521001696586609,
    0.7611348628997803,
    0.7633539438247681,
    0.770962119102478,
    0.7750832438468933,
    0.7766682505607605,
    0.776351273059845,
    0.7776193022727966,
    0.7845934629440308,
    0.7863369584083557,
    0.7822158932685852,
    0.7931526303291321,
    0.7936281561851501,
    0.7963227033615112,
    0.798541784286499,
    0.7977492213249207,
    0.8031383752822876,
    0.804564893245697,
    0.8050404191017151,
    0.8097955584526062,
    0.810429573059082,
    0.8071009516716003,
    0.8064669370651245,
    0.8105880618095398,
    0.8113805651664734,
    0.8181962370872498,
    0.8259629011154175,
    0.8129656314849854,
    0.8189887404441833,
    0.8189887404441833,
    0.8196227550506592,
    0.8265969157218933,
    0.8243778944015503,
    0.8207322955131531,
    0.8304010033607483,
    0.8324615359306335,
    0.8235853314399719,
    0.8304010033607483,
    0.8280234336853027,
    0.8310350179672241,
    0.8395942449569702,
    0.8308765292167664,
    0.8356316089630127,
    0.8310350179672241,
    0.8354731202125549,
    0.8349975943565369,
    0.834363579750061,
    0.8449833393096924,
    0.8433983325958252,
    0.8473609089851379,
    0.8476779460906982,
    0.846251368522644,
    0.8457759022712708,
    0.846251368522644,
    0.8541765809059143,
    0.8506894707679749,
    0.8551275730133057,
    0.8524330258369446,
    0.8611507415771484,
    0.8598827123641968,
    0.8568711280822754,
    0.858139157295227,
    0.8532255291938782,
    0.8556030988693237,
    0.8571881651878357,
    0.8598827123641968,
    0.861943244934082,
    0.8625772595405579,
    0.8627357482910156,
    0.8616262674331665,
    0.8575051426887512,
    0.863528311252594,
    0.8594071865081787,
    0.859248697757721,
    0.8663813471794128,
    0.8641623258590698
  ],
  "val_loss": [
    1.4002974033355713,
    1.069916844367981,
    0.9431843757629395,
    0.8620826005935669,
    0.8030686974525452,
    0.7401735186576843,
    0.6830644011497498,
    0.7003543376922607,
    0.651210367679596,
    0.6119116544723511,
    0.6490451097488403,
    0.6854672431945801,
    0.5919343829154968,
    0.6080043315887451,
    0.5997799634933472,
    0.547095000743866,
    0.5441133379936218,
    0.5439997911453247,
    0.5439550876617432,
    0.5516356825828552,
    0.5575416088104248,
    0.5410970449447632,
    0.5431300401687622,
    0.5098031759262085,
    0.5249252319335938,
    0.5419439673423767,
    0.5679891705513,
    0.5470595359802246,
    0.5080335736274719,
    0.49165666103363037,
    0.5135826468467712,
    0.48306140303611755,
    0.5074354410171509,
    0.5459544658660889,
    0.4908923804759979,
    0.4744730293750763,
    0.5251064896583557,
    0.5254689455032349,
    0.47903531789779663,
    0.48332643508911133,
    0.48292863368988037,
    0.49258047342300415,
    0.4700406491756439,
    0.49863237142562866,
    0.4734034538269043,
    0.4924500584602356,
    0.4691212773323059,
    0.4769212007522583,
    0.5042155981063843,
    0.4677777588367462,
    0.48586565256118774,
    0.4646996855735779,
    0.48116523027420044,
    0.4943256080150604,
    0.4517708718776703,
    0.43057700991630554,
    0.46461567282676697,
    0.47314441204071045,
    0.46461522579193115,
    0.4856003522872925,
    0.4492452144622803,
    0.4741244316101074,
    0.4540022611618042,
    0.464632511138916,
    0.4610459506511688,
    0.4500381648540497,
    0.4371519088745117,
    0.44724366068840027,
    0.4405761659145355,
    0.450582355260849,
    0.4540832042694092,
    0.4462367594242096,
    0.4261763393878937,
    0.4434244930744171,
    0.43019452691078186,
    0.43618181347846985,
    0.45610669255256653,
    0.4275974929332733,
    0.433163583278656,
    0.4532265067100525,
    0.4266529083251953,
    0.43937957286834717,
    0.43217381834983826,
    0.4358424246311188,
    0.4355778694152832,
    0.435718834400177,
    0.4343482553958893,
    0.43206605315208435,
    0.44153517484664917,
    0.4347839057445526,
    0.4376874566078186,
    0.4297742545604706,
    0.43491896986961365
  ],