{
  "training_samples": 6159,
  "validation_samples": 2034,
  "train_clip_ids": [
    0,
    2,
    4,
    5,
    7,
    8,
    10,
    11,
    12,
    14,
    16,
    17,
    18,
    19,
    20,
    22,
    24,
    25,
    27,
    28,
    29,
    30,
    31,
    32,
    34,
    35,
    36,
    37,
    38,
    39,
    40,
    41,
    44,
    46,
    48,
    49,
    51,
    52,
    54,
    55,
    56,
    57,
    59,
    60,
    61,
    62,
    63,
    64,
    65,
    66,
    67,
    68,
    71,
    72,
    74,
    76,
    77
  ],
  "validation_clip_ids": [
    1,
    3,
    6,
    9,
    13,
    15,
    21,
    23,
    26,
    33,
    42,
    43,
    45,
    47,
    50,
    53,
    58,
    69,
    70,
    73,
    75
  ],
  "class_distribution_train": {
    "0": 309,
    "1": 312,
    "2": 282,
    "3": 1125,
    "4": 225,
    "5": 258,
    "6": 444,
    "7": 1299,
    "8": 1155,
    "9": 750
  },
  "class_distribution_val": {
    "0": 147,
    "1": 126,
    "2": 168,
    "3": 264,
    "4": 99,
    "5": 78,
    "7": 492,
    "6": 216,
    "8": 282,
    "9": 162
  },
  "frame_accuracy": 0.5894788593903638,
  "clip_accuracy": 0.7619047619047619,
  "keras_model_path": "/home/eding/aifitnessmirrordemo/error-classes-model/artifacts/workout_error_classifier/workout_error_classifier.keras",
  "tflite_model_path": "/home/eding/aifitnessmirrordemo/error-classes-model/artifacts/workout_error_classifier/workout_error_classifier_int8.tflite",
  "labels_path": "/home/eding/aifitnessmirrordemo/error-classes-model/artifacts/workout_error_classifier/workout_error_labels.json",
  "confusion_matrix_path": "/home/eding/aifitnessmirrordemo/error-classes-model/artifacts/workout_error_classifier/validation_confusion_matrix.png",
  "classification_report": {
    "jumping_jacks__arms_not_high_enough": {
      "precision": 0.6785714285714286,
      "recall": 0.7755102040816326,
      "f1-score": 0.7238095238095238,
      "support": 147.0
    },
    "jumping_jacks__good": {
      "precision": 0.35348837209302325,
      "recall": 0.6031746031746031,
      "f1-score": 0.44574780058651026,
      "support": 126.0
    },
    "jumping_jacks__legs_not_wide_enough": {
      "precision": 0.6951219512195121,
      "recall": 0.6785714285714286,
      "f1-score": 0.6867469879518072,
      "support": 168.0
    },
    "lunges__good": {
      "precision": 0.6757990867579908,
      "recall": 0.5606060606060606,
      "f1-score": 0.6128364389233955,
      "support": 264.0
    },
    "lunges__not_low_enough": {
      "precision": 0.2692307692307692,
      "recall": 0.2828282828282828,
      "f1-score": 0.27586206896551724,
      "support": 99.0
    },
    "push_ups__good": {
      "precision": 0.6190476190476191,
      "recall": 1.0,
      "f1-score": 0.7647058823529411,
      "support": 78.0
    },
    "sit_ups__core_not_high_enough": {
      "precision": 0.5594405594405595,
      "recall": 0.7407407407407407,
      "f1-score": 0.6374501992031872,
      "support": 216.0
    },
    "sit_ups__good": {
      "precision": 0.8112094395280236,
      "recall": 0.5589430894308943,
      "f1-score": 0.6618531889290012,
      "support": 492.0
    },
    "squats__good": {
      "precision": 0.7155172413793104,
      "recall": 0.29432624113475175,
      "f1-score": 0.41708542713567837,
      "support": 282.0
    },
    "squats__not_low_enough": {
      "precision": 0.41414141414141414,
      "recall": 0.7592592592592593,
      "f1-score": 0.5359477124183006,
      "support": 162.0
    },
    "accuracy": 0.5894788593903638,
    "macro avg": {
      "precision": 0.5791567881409652,
      "recall": 0.6253959909827654,
      "f1-score": 0.5762045230275862,
      "support": 2034.0
    },
    "weighted avg": {
      "precision": 0.6407283767350501,
      "recall": 0.5894788593903638,
      "f1-score": 0.5872402026655256,
      "support": 2034.0
    }
  }
}