{
  "training_samples": 7050,
  "validation_samples": 2343,
  "train_clip_ids": [
    0,
    2,
    4,
    5,
    7,
    8,
    10,
    11,
    12,
    14,
    16,
    17,
    18,
    19,
    20,
    22,
    23,
    27,
    28,
    29,
    30,
    31,
    32,
    33,
    34,
    35,
    36,
    37,
    38,
    39,
    40,
    41,
    42,
    44,
    45,
    48,
    49,
    50,
    51,
    53,
    54,
    55,
    56,
    57,
    58,
    59,
    60,
    62,
    64,
    65,
    67,
    69,
    70,
    71,
    73,
    74,
    75,
    77,
    78,
    80,
    81,
    82,
    83,
    84,
    85,
    86,
    87,
    88,
    89,
    90
  ],
  "validation_clip_ids": [
    1,
    3,
    6,
    9,
    13,
    15,
    21,
    24,
    25,
    26,
    43,
    46,
    47,
    52,
    61,
    63,
    66,
    68,
    72,
    76,
    79,
    91
  ],
  "class_distribution_train": {
    "0": 309,
    "1": 312,
    "2": 282,
    "3": 1125,
    "4": 423,
    "5": 699,
    "6": 756,
    "7": 765,
    "8": 828,
    "9": 831,
    "10": 720
  },
  "class_distribution_val": {
    "0": 147,
    "1": 126,
    "2": 168,
    "3": 264,
    "4": 225,
    "6": 228,
    "5": 249,
    "8": 306,
    "7": 177,
    "9": 261,
    "10": 192
  },
  "frame_accuracy": 0.7998292787025182,
  "clip_accuracy": 1.0,
  "keras_model_path": "/home/eding/aifitnessmirrordemo/error-classes-model/artifacts/workout_error_classifier/workout_error_classifier.keras",
  "tflite_model_path": "/home/eding/aifitnessmirrordemo/error-classes-model/artifacts/workout_error_classifier/workout_error_classifier_int8.tflite",
  "labels_path": "/home/eding/aifitnessmirrordemo/error-classes-model/artifacts/workout_error_classifier/workout_error_labels.json",
  "confusion_matrix_path": "/home/eding/aifitnessmirrordemo/error-classes-model/artifacts/workout_error_classifier/validation_confusion_matrix.png",
  "classification_report": {
    "jumping_jacks__arms_not_high_enough": {
      "precision": 0.7317073170731707,
      "recall": 0.8163265306122449,
      "f1-score": 0.7717041800643086,
      "support": 147.0
    },
    "jumping_jacks__good": {
      "precision": 0.6140350877192983,
      "recall": 0.5555555555555556,
      "f1-score": 0.5833333333333334,
      "support": 126.0
    },
    "jumping_jacks__legs_not_wide_enough": {
      "precision": 0.7192982456140351,
      "recall": 0.7321428571428571,
      "f1-score": 0.7256637168141593,
      "support": 168.0
    },
    "lunges__good": {
      "precision": 0.6872852233676976,
      "recall": 0.7575757575757576,
      "f1-score": 0.7207207207207207,
      "support": 264.0
    },
    "lunges__not_low_enough": {
      "precision": 0.7597765363128491,
      "recall": 0.6044444444444445,
      "f1-score": 0.6732673267326733,
      "support": 225.0
    },
    "push_ups__good": {
      "precision": 1.0,
      "recall": 0.9879518072289156,
      "f1-score": 0.9939393939393939,
      "support": 249.0
    },
    "push_ups__knees_touching_ground": {
      "precision": 0.987012987012987,
      "recall": 1.0,
      "f1-score": 0.9934640522875817,
      "support": 228.0
    },
    "sit_ups__core_not_high_enough": {
      "precision": 0.5673076923076923,
      "recall": 1.0,
      "f1-score": 0.7239263803680982,
      "support": 177.0
    },
    "sit_ups__good": {
      "precision": 1.0,
      "recall": 0.5588235294117647,
      "f1-score": 0.7169811320754716,
      "support": 306.0
    },
    "squats__good": {
      "precision": 0.9311740890688259,
      "recall": 0.8812260536398467,
      "f1-score": 0.905511811023622,
      "support": 261.0
    },
    "squats__not_low_enough": {
      "precision": 0.7972350230414746,
      "recall": 0.9010416666666666,
      "f1-score": 0.8459657701711492,
      "support": 192.0
    },
    "accuracy": 0.7998292787025182,
    "macro avg": {
      "precision": 0.7995302001380028,
      "recall": 0.7995534729343685,
      "f1-score": 0.786770710684592,
      "support": 2343.0
    },
    "weighted avg": {
      "precision": 0.8257458411495339,
      "recall": 0.7998292787025182,
      "f1-score": 0.7985076214178853,
      "support": 2343.0
    }
  }
}