{
  "training_samples": 2868,
  "validation_samples": 1254,
  "train_clip_ids": [
    0,
    1,
    3,
    4,
    5,
    6,
    8,
    10,
    11,
    13,
    14,
    18,
    19,
    20,
    21,
    22,
    23,
    25,
    26,
    27,
    28,
    30,
    31,
    33,
    34,
    35,
    36,
    37,
    39,
    41,
    42
  ],
  "validation_clip_ids": [
    2,
    7,
    9,
    12,
    15,
    16,
    17,
    24,
    29,
    32,
    38,
    40,
    43
  ],
  "class_distribution_train": {
    "0": 204,
    "1": 180,
    "2": 141,
    "3": 573,
    "4": 423,
    "5": 219,
    "6": 213,
    "7": 372,
    "8": 393,
    "9": 90,
    "10": 60
  },
  "class_distribution_val": {
    "0": 60,
    "1": 57,
    "2": 51,
    "3": 312,
    "4": 225,
    "5": 75,
    "6": 81,
    "7": 192,
    "8": 123,
    "10": 78
  },
  "frame_accuracy": 0.6794258373205742,
  "clip_accuracy": 0.7692307692307693,
  "keras_model_path": "/home/edward_ding/diva/artifacts/workout_error_classifier/workout_error_classifier.keras",
  "tflite_model_path": "/home/edward_ding/diva/artifacts/workout_error_classifier/workout_error_classifier_int8.tflite",
  "labels_path": "/home/edward_ding/diva/artifacts/workout_error_classifier/workout_error_labels.json",
  "confusion_matrix_path": "/home/edward_ding/diva/artifacts/workout_error_classifier/validation_confusion_matrix.png",
  "classification_report": {
    "jumping_jacks__arms_not_high_enough": {
      "precision": 0.33544303797468356,
      "recall": 0.8833333333333333,
      "f1-score": 0.48623853211009177,
      "support": 60.0
    },
    "jumping_jacks__good": {
      "precision": 0.8518518518518519,
      "recall": 0.40350877192982454,
      "f1-score": 0.5476190476190477,
      "support": 57.0
    },
    "jumping_jacks__legs_not_wide_enough": {
      "precision": 0.7021276595744681,
      "recall": 0.6470588235294118,
      "f1-score": 0.673469387755102,
      "support": 51.0
    },
    "lunges__good": {
      "precision": 0.6770833333333334,
      "recall": 0.625,
      "f1-score": 0.65,
      "support": 312.0
    },
    "lunges__not_low_enough": {
      "precision": 0.5224489795918368,
      "recall": 0.5688888888888889,
      "f1-score": 0.5446808510638298,
      "support": 225.0
    },
    "push_ups__good": {
      "precision": 1.0,
      "recall": 0.96,
      "f1-score": 0.9795918367346939,
      "support": 75.0
    },
    "push_ups__knees_touching_ground": {
      "precision": 0.9642857142857143,
      "recall": 1.0,
      "f1-score": 0.9818181818181818,
      "support": 81.0
    },
    "sit_ups__core_not_high_enough": {
      "precision": 0.7914893617021277,
      "recall": 0.96875,
      "f1-score": 0.8711943793911007,
      "support": 192.0
    },
    "sit_ups__good": {
      "precision": 0.925,
      "recall": 0.6016260162601627,
      "f1-score": 0.729064039408867,
      "support": 123.0
    },
    "squats__good": {
      "precision": 0.0,
      "recall": 0.0,
      "f1-score": 0.0,
      "support": 0.0
    },
    "squats__not_low_enough": {
      "precision": 1.0,
      "recall": 0.08974358974358974,
      "f1-score": 0.16470588235294117,
      "support": 78.0
    },
    "accuracy": 0.6794258373205742,
    "macro avg": {
      "precision": 0.7063390853012742,
      "recall": 0.6134463112441101,
      "f1-score": 0.6025801943867142,
      "support": 1254.0
    },
    "weighted avg": {
      "precision": 0.7417382529381571,
      "recall": 0.6794258373205742,
      "f1-score": 0.6721504345311398,
      "support": 1254.0
    }
  }
}