{
  "loss": [
    2.2071619033813477,
    1.7236686944961548,
    1.4003713130950928,
    1.2372487783432007,
    1.1376924514770508,
    1.0780431032180786,
    1.019056797027588,
    0.9906088709831238,
    0.9409213066101074,
    0.9149910807609558,
    0.8841261863708496,
    0.8385810852050781,
    0.843951404094696,
    0.7915048599243164,
    0.758619487285614,
    0.7796655297279358,
    0.7393589615821838,
    0.710993230342865,
    0.7218079566955566,
    0.6901382803916931,
    0.6583276391029358,
    0.6541625261306763,
    0.6467549800872803,
    0.623706579208374,
    0.6219112277030945,
    0.629572868347168,
    0.6031008958816528,
    0.5978577733039856,
    0.5767480731010437,
    0.5762746930122375,
    0.5682510733604431,
    0.5454232692718506,
    0.5450395345687866,
    0.5424719452857971,
    0.5309340357780457,
    0.5327073335647583,
    0.5385094285011292,
    0.5314220190048218,
    0.5381852984428406,
    0.5086203217506409,
    0.5204099416732788,
    0.5013809204101562,
    0.5112764239311218,
    0.49833595752716064,
    0.48900532722473145,
    0.5053171515464783,
    0.5015357732772827,
    0.5010079145431519,
    0.502469539642334,
    0.47835519909858704,
    0.4819377660751343,
    0.47581449151039124,
    0.49999377131462097,
    0.47544440627098083,
    0.4827621579170227,
    0.46873676776885986,
    0.4741446375846863,
    0.47423842549324036,
    0.47622621059417725,
    0.4616267681121826,
    0.4534463882446289,
    0.45545724034309387,
    0.4582729935646057,
    0.4597870707511902,
    0.439466655254364,
    0.451496422290802,
    0.44826874136924744,
    0.4439103603363037,
    0.45308053493499756,
    0.4420512616634369,
    0.4403235912322998,
    0.4350803792476654
  ],
  "accuracy": [
    0.2144351452589035,
    0.3905160427093506,
    0.4703626334667206,
    0.5111575722694397,
    0.5418410301208496,
    0.5460250973701477,
    0.5658996105194092,
    0.5721757411956787,
    0.6042538285255432,
    0.6091352701187134,
    0.6101813316345215,
    0.6262203454971313,
    0.6192468404769897,
    0.6391213536262512,
    0.659344494342804,
    0.64191073179245,
    0.6638772487640381,
    0.6656206250190735,
    0.6694560647010803,
    0.6868898272514343,
    0.6837517619132996,
    0.6879358291625977,
    0.6903765797615051,
    0.6983960866928101,
    0.6900278925895691,
    0.6994421482086182,
    0.7119944095611572,
    0.7078103423118591,
    0.7119944095611572,
    0.706764280796051,
    0.7179219126701355,
    0.7339609265327454,
    0.7336122989654541,
    0.73221755027771,
    0.7377963662147522,
    0.73221755027771,
    0.7346583008766174,
    0.7304741740226746,
    0.732566237449646,
    0.7374476790428162,
    0.7447698712348938,
    0.741283118724823,
    0.7461645603179932,
    0.7465132474899292,
    0.7451185584068298,
    0.7388424277305603,
    0.7430264949798584,
    0.7458158731460571,
    0.7513946890830994,
    0.7541841268539429,
    0.7531380653381348,
    0.7562761306762695,
    0.7440724968910217,
    0.7510460019111633,
    0.7465132474899292,
    0.7552301287651062,
    0.7541841268539429,
    0.7517433762550354,
    0.7566248178482056,
    0.7615062594413757,
    0.7635983228683472,
    0.7705718278884888,
    0.7604602575302124,
    0.7562761306762695,
    0.7747559547424316,
    0.7649930119514465,
    0.7639470100402832,
    0.7688284516334534,
    0.76778244972229,
    0.776150643825531,
    0.7691771388053894,
    0.7660390734672546
  ],
  "val_loss": [
    1.9170798063278198,
    1.4596434831619263,
    1.1014479398727417,
    0.9396206736564636,
    0.890129804611206,
    0.8796237707138062,
    0.8240458369255066,
    0.8168013691902161,
    0.7498188614845276,
    0.8366058468818665,
    0.7219147682189941,
    0.7066919207572937,
    0.757201075553894,
    0.7314099669456482,
    0.7552587985992432,
    0.7200049161911011,
    0.730745255947113,
    0.6905037760734558,
    0.6849145293235779,
    0.7017171382904053,
    0.6897897720336914,
    0.6349378824234009,
    0.658514142036438,
    0.7020558714866638,
    0.7564899921417236,
    0.6801838278770447,
    0.6724371910095215,
    0.6678493022918701,
    0.6840483546257019,
    0.7160770297050476,
    0.6454630494117737,
    0.6938515901565552,
    0.6388416290283203,
    0.7005441784858704,
    0.6971118450164795,
    0.6816813349723816,
    0.6803138256072998,
    0.6313908100128174,
    0.654167890548706,
    0.6646075248718262,
    0.6947228312492371,
    0.6872250437736511,
    0.647827684879303,
    0.6312803030014038,
    0.6750501394271851,
    0.6442640423774719,
    0.6416951417922974,
    0.6741222739219666,
    0.6582077741622925,
    0.6292673945426941,
    0.7067636251449585,
    0.6120517253875732,
    0.6289005279541016,
    0.6912843585014343,
    0.6661972403526306,
    0.6581591367721558,
    0.6811211705207825,
    0.6345181465148926,
    0.7195069193840027,
    0.7064975500106812,
    0.7149794697761536,
    0.6343160271644592,
    0.6626572608947754,
    0.6587538719177246,
    0.6674150824546814,
    0.6522935032844543,
    0.6464285254478455,
    0.6161350011825562,
    0.6545044779777527,
    0.6450644135475159,
    0.6530756950378418,
    0.6737526059150696
  ],
  "val_accuracy": [
    0.40111643075942993,
    0.5326953530311584,
    0.5486443638801575,
    0.6283891797065735,
    0.5438596606254578,
    0.5279107093811035,
    0.5518341064453125,
    0.5661882162094116,
    0.6180223226547241,
    0.5271132588386536,
    0.6228070259094238,
    0.6467304825782776,
    0.5749601125717163,
    0.6060606241226196,
    0.5925039649009705,
    0.6188197731971741,
    0.6156299710273743,
    0.6259968280792236,
    0.6451355814933777,
    0.6283891797065735,
    0.6267942786216736,
    0.6985645890235901,
    0.6459330320358276,
    0.6499202847480774,
    0.6220095753669739,
    0.6483253836631775,
    0.6307814717292786,
    0.640350878238678,
    0.6419457793235779,
    0.6228070259094238,
    0.6539074778556824,
    0.6507176756858826,
    0.6499202847480774,
    0.6371610760688782,
    0.6483253836631775,
    0.6475279331207275,
    0.6467304825782776,
    0.6626794338226318,
    0.6539074778556824,
    0.6475279331207275,
    0.6427432298660278,
    0.6483253836631775,
    0.6658692359924316,
    0.660287082195282,
    0.6515151262283325,
    0.6555023789405823,
    0.6706538796424866,
    0.6650717854499817,
    0.6586921811103821,
    0.6642743349075317,
    0.6499202847480774,
    0.6722487807273865,
    0.660287082195282,
    0.6435406804084778,
    0.6562998294830322,
    0.6531100273132324,
    0.659489631652832,
    0.6523125767707825,
    0.6523125767707825,
    0.6443381309509277,
    0.6523125767707825,
    0.6586921811103821,
    0.659489631652832,
    0.6523125767707825,
    0.6570972800254822,
    0.6578947305679321,
    0.6547049283981323,
    0.6682615876197815,
    0.6610845327377319,
    0.6555023789405823,
    0.6555023789405823,
    0.6499202847480774
  ],