{
  "training_samples": 6309,
  "validation_samples": 2088,
  "train_clip_ids": [
    0,
    2,
    4,
    5,
    7,
    8,
    10,
    11,
    12,
    14,
    16,
    17,
    18,
    19,
    20,
    22,
    23,
    27,
    28,
    29,
    30,
    31,
    32,
    33,
    34,
    35,
    36,
    37,
    38,
    39,
    40,
    41,
    42,
    44,
    45,
    48,
    49,
    50,
    51,
    53,
    54,
    55,
    56,
    57,
    58,
    59,
    60,
    62,
    64,
    65,
    67,
    69,
    70,
    71,
    72,
    73,
    74,
    76,
    77,
    78,
    79,
    80
  ],
  "validation_clip_ids": [
    1,
    3,
    6,
    9,
    13,
    15,
    21,
    24,
    25,
    26,
    43,
    46,
    47,
    52,
    61,
    63,
    66,
    68,
    75,
    81
  ],
  "class_distribution_train": {
    "0": 309,
    "1": 312,
    "2": 282,
    "3": 1125,
    "4": 423,
    "5": 699,
    "6": 756,
    "7": 765,
    "8": 828,
    "9": 444,
    "10": 366
  },
  "class_distribution_val": {
    "0": 147,
    "1": 126,
    "2": 168,
    "3": 264,
    "4": 225,
    "6": 228,
    "5": 249,
    "8": 306,
    "7": 177,
    "9": 102,
    "10": 96
  },
  "frame_accuracy": 0.7878352490421456,
  "clip_accuracy": 0.95,
  "keras_model_path": "/home/eding/aifitnessmirrordemo/error-classes-model/artifacts/workout_error_classifier/workout_error_classifier.keras",
  "tflite_model_path": "/home/eding/aifitnessmirrordemo/error-classes-model/artifacts/workout_error_classifier/workout_error_classifier_int8.tflite",
  "labels_path": "/home/eding/aifitnessmirrordemo/error-classes-model/artifacts/workout_error_classifier/workout_error_labels.json",
  "confusion_matrix_path": "/home/eding/aifitnessmirrordemo/error-classes-model/artifacts/workout_error_classifier/validation_confusion_matrix.png",
  "classification_report": {
    "jumping_jacks__arms_not_high_enough": {
      "precision": 0.7928571428571428,
      "recall": 0.7551020408163265,
      "f1-score": 0.7735191637630662,
      "support": 147.0
    },
    "jumping_jacks__good": {
      "precision": 0.7777777777777778,
      "recall": 0.5,
      "f1-score": 0.6086956521739131,
      "support": 126.0
    },
    "jumping_jacks__legs_not_wide_enough": {
      "precision": 0.7031963470319634,
      "recall": 0.9166666666666666,
      "f1-score": 0.7958656330749354,
      "support": 168.0
    },
    "lunges__good": {
      "precision": 0.6833855799373041,
      "recall": 0.8257575757575758,
      "f1-score": 0.7478559176672385,
      "support": 264.0
    },
    "lunges__not_low_enough": {
      "precision": 0.7383720930232558,
      "recall": 0.5644444444444444,
      "f1-score": 0.6397984886649875,
      "support": 225.0
    },
    "push_ups__good": {
      "precision": 1.0,
      "recall": 0.9879518072289156,
      "f1-score": 0.9939393939393939,
      "support": 249.0
    },
    "push_ups__knees_touching_ground": {
      "precision": 0.987012987012987,
      "recall": 1.0,
      "f1-score": 0.9934640522875817,
      "support": 228.0
    },
    "sit_ups__core_not_high_enough": {
      "precision": 0.5673076923076923,
      "recall": 1.0,
      "f1-score": 0.7239263803680982,
      "support": 177.0
    },
    "sit_ups__good": {
      "precision": 1.0,
      "recall": 0.5588235294117647,
      "f1-score": 0.7169811320754716,
      "support": 306.0
    },
    "squats__good": {
      "precision": 1.0,
      "recall": 0.5294117647058824,
      "f1-score": 0.6923076923076923,
      "support": 102.0
    },
    "squats__not_low_enough": {
      "precision": 0.6713286713286714,
      "recall": 1.0,
      "f1-score": 0.803347280334728,
      "support": 96.0
    },
    "accuracy": 0.7878352490421456,
    "macro avg": {
      "precision": 0.811021662843345,
      "recall": 0.7852870753665069,
      "f1-score": 0.7717909806051915,
      "support": 2088.0
    },
    "weighted avg": {
      "precision": 0.8266927563984798,
      "recall": 0.7878352490421456,
      "f1-score": 0.7829337404682424,
      "support": 2088.0
    }
  }
}